chunk_id,state_abbrev,topic,chunk_text,source_type,source_url,chunk_word_count,chunk_char_count,draft_price,draft_access,draft_enforcement,draft_rationale,gemini_model,label_source,final_price,final_access,final_enforcement,audit_status,audit_notes
apis_AK_underage_purchase_2004_1__c01,AK,underage_purchase,Allowance for law enforcement purchase established,direct_apis,http://alcoholpolicy.niaaa.nih.gov/apis-policy-topics/underage-purchase-of-alcohol/43/changes-over-time?jr%5B107%5D=107,6,50,0,0,1,Establishes a method for law enforcement to enforce underage purchase laws.,gemini-2.5-flash,gemini,0,0,1,audited,
apis_AR_beer_tax_2007_1__c01,AR,beer_tax,Ad valorem off-site tax decreased,direct_apis,http://alcoholpolicy.niaaa.nih.gov/apis-policy-topics/beer/30/changes-over-time?jr%5B109%5D=109,5,33,1,0,0,"Directly refers to a tax change, impacting the price of beer.",gemini-2.5-flash,gemini,1,0,0,audited,
apis_AR_beer_tax_2007_2__c01,AR,beer_tax,Policy change,direct_apis,,2,13,0,0,0,Snippet is too vague to assign specific mechanisms.,gemini-2.5-flash,gemini,0,0,0,audited,
apis_AR_underage_purchase_2017_1__c01,AR,underage_purchase,Other provision changed,direct_apis,http://alcoholpolicy.niaaa.nih.gov/apis-policy-topics/underage-purchase-of-alcohol/43/changes-over-time?jr%5B109%5D=109,3,23,0,0,0,Snippet is too vague to assign specific mechanisms.,gemini-2.5-flash,gemini,0,0,0,audited,
apis_AR_underage_purchase_2017_2__c01,AR,underage_purchase,Policy change,direct_apis,,2,13,0,0,0,Snippet is too vague to assign specific mechanisms.,gemini-2.5-flash,gemini,0,0,0,audited,
apis_CO_sunday_sales_2008_1__c01,CO,sunday_sales,Sunday sales ban repealed,direct_apis,http://alcoholpolicy.niaaa.nih.gov/apis-policy-topics/bans-on-off-premises-sunday-sales/28/changes-over-time?jr%5B111%5D=111,4,25,0,1,0,Repealing a sales ban directly increases the availability and access to alcohol.,gemini-2.5-flash,gemini,0,1,0,audited,
apis_CT_beer_tax_2011_1__c01,CT,beer_tax,Policy change,direct_apis,,2,13,0,0,0,Snippet is too vague to assign specific mechanisms.,gemini-2.5-flash,gemini,0,0,0,audited,
apis_CT_beer_tax_2011_3__c01,CT,beer_tax,Specific excise tax rate increased,direct_apis,http://alcoholpolicy.niaaa.nih.gov/apis-policy-topics/beer/30/changes-over-time?jr%5B112%5D=112,5,34,1,0,0,"Directly refers to an increased tax rate, which impacts the price of beer.",gemini-2.5-flash,gemini,1,0,0,audited,
apis_CT_beer_tax_2023_4__c01,CT,beer_tax,Policy change,direct_apis,,2,13,0,0,0,Snippet is too vague to assign specific mechanisms.,gemini-2.5-flash,gemini,0,0,0,audited,
apis_CT_beer_tax_2023_6__c01,CT,beer_tax,Specific excise tax rate decreased,direct_apis,http://alcoholpolicy.niaaa.nih.gov/apis-policy-topics/beer/30/changes-over-time?jr%5B112%5D=112,5,34,1,0,0,"Directly refers to a decreased tax rate, which impacts the price of beer.",gemini-2.5-flash,gemini,1,0,0,audited,
apis_CT_sunday_sales_2012_1__c01,CT,sunday_sales,Sunday sales ban repealed,direct_apis,http://alcoholpolicy.niaaa.nih.gov/apis-policy-topics/bans-on-off-premises-sunday-sales/28/changes-over-time?jr%5B112%5D=112,4,25,0,1,0,Keyword fallback labels.,heuristic_fallback,heuristic,0,1,0,audited,
apis_DC_beer_tax_2009_1__c01,DC,beer_tax,Multiple Changes,direct_apis,http://alcoholpolicy.niaaa.nih.gov/apis-policy-topics/beer/30/changes-over-time?jr%5B114%5D=114,2,16,0,0,0,Keyword fallback labels.,heuristic_fallback,heuristic,0,0,0,audited,
apis_DC_beer_tax_2011_4__c01,DC,beer_tax,Ad valorem off-site tax increased,direct_apis,http://alcoholpolicy.niaaa.nih.gov/apis-policy-topics/beer/30/changes-over-time?jr%5B114%5D=114,5,33,1,0,0,Keyword fallback labels.,heuristic_fallback,heuristic,1,0,0,audited,
apis_DC_beer_tax_2011_5__c01,DC,beer_tax,Policy change,direct_apis,,2,13,0,0,0,Keyword fallback labels.,heuristic_fallback,heuristic,0,0,0,audited,
apis_DC_beer_tax_2013_7__c01,DC,beer_tax,Multiple Changes,direct_apis,http://alcoholpolicy.niaaa.nih.gov/apis-policy-topics/beer/30/changes-over-time?jr%5B114%5D=114,2,16,0,0,0,Keyword fallback labels.,heuristic_fallback,heuristic,0,0,0,audited,
apis_DC_beer_tax_2018_10__c01,DC,beer_tax,Multiple Changes,direct_apis,http://alcoholpolicy.niaaa.nih.gov/apis-policy-topics/beer/30/changes-over-time?jr%5B114%5D=114,2,16,0,0,0,Keyword fallback labels.,heuristic_fallback,heuristic,0,0,0,audited,
apis_DE_beer_tax_2017_1__c01,DE,beer_tax,Specific excise tax per gallon increased,direct_apis,http://alcoholpolicy.niaaa.nih.gov/apis-policy-topics/beer/30/changes-over-time?jr%5B113%5D=113,6,40,1,0,0,Keyword fallback labels.,heuristic_fallback,heuristic,1,0,0,audited,
apis_DE_sunday_sales_2003_1__c01,DE,sunday_sales,Sunday sales ban repealed,direct_apis,http://alcoholpolicy.niaaa.nih.gov/apis-policy-topics/bans-on-off-premises-sunday-sales/28/changes-over-time?jr%5B113%5D=113,4,25,0,1,0,Keyword fallback labels.,heuristic_fallback,heuristic,0,1,0,audited,
apis_GA_sunday_sales_2011_1__c01,GA,sunday_sales,Local option authorized,direct_apis,http://alcoholpolicy.niaaa.nih.gov/apis-policy-topics/bans-on-off-premises-sunday-sales/28/changes-over-time?jr%5B116%5D=116,3,23,0,0,0,Keyword fallback labels.,heuristic_fallback,heuristic,0,0,0,audited,
apis_GA_sunday_sales_2011_2__c01,GA,sunday_sales,Policy change,direct_apis,,2,13,0,0,0,Keyword fallback labels.,heuristic_fallback,heuristic,0,0,0,audited,
apis_IL_beer_tax_2009_1__c01,IL,beer_tax,Policy change,direct_apis,,2,13,0,0,0,Keyword fallback labels.,heuristic_fallback,heuristic,0,0,0,audited,
apis_IL_sunday_sales_2015_1__c01,IL,sunday_sales,Sunday sales ban repealed,direct_apis,http://alcoholpolicy.niaaa.nih.gov/apis-policy-topics/bans-on-off-premises-sunday-sales/28/changes-over-time?jr%5B119%5D=119,4,25,0,1,0,Keyword fallback labels.,heuristic_fallback,heuristic,0,1,0,audited,
apis_IN_sunday_sales_2018_1__c01,IN,sunday_sales,Policy change,direct_apis,,2,13,0,0,0,Keyword fallback labels.,heuristic_fallback,heuristic,0,0,0,audited,
apis_IN_sunday_sales_2018_3__c01,IN,sunday_sales,Sunday sales ban repealed,direct_apis,http://alcoholpolicy.niaaa.nih.gov/apis-policy-topics/bans-on-off-premises-sunday-sales/28/changes-over-time?jr%5B120%5D=120,4,25,0,1,0,Keyword fallback labels.,heuristic_fallback,heuristic,0,1,0,audited,
apis_IN_underage_purchase_2008_1__c01,IN,underage_purchase,Law enforcement exception established,direct_apis,http://alcoholpolicy.niaaa.nih.gov/apis-policy-topics/underage-purchase-of-alcohol/43/changes-over-time?jr%5B120%5D=120,4,37,0,0,0,Keyword fallback labels.,heuristic_fallback,heuristic,0,0,0,audited,
apis_IN_underage_purchase_2008_2__c01,IN,underage_purchase,Policy change,direct_apis,,2,13,0,0,0,Keyword fallback labels.,heuristic_fallback,heuristic,0,0,0,audited,
apis_KS_beer_tax_2010_1__c01,KS,beer_tax,Multiple Changes,direct_apis,http://alcoholpolicy.niaaa.nih.gov/apis-policy-topics/beer/30/changes-over-time?jr%5B122%5D=122,2,16,0,0,0,Keyword fallback labels.,heuristic_fallback,heuristic,0,0,0,audited,
apis_KS_beer_tax_2010_2__c01,KS,beer_tax,Policy change,direct_apis,,2,13,0,0,0,Keyword fallback labels.,heuristic_fallback,heuristic,0,0,0,audited,
apis_KS_beer_tax_2013_4__c01,KS,beer_tax,Multiple Changes,direct_apis,http://alcoholpolicy.niaaa.nih.gov/apis-policy-topics/beer/30/changes-over-time?jr%5B122%5D=122,2,16,0,0,0,Keyword fallback labels.,heuristic_fallback,heuristic,0,0,0,audited,
apis_KS_beer_tax_2013_5__c01,KS,beer_tax,Policy change,direct_apis,,2,13,0,0,0,Keyword fallback labels.,heuristic_fallback,heuristic,0,0,0,audited,
apis_KS_beer_tax_2015_7__c01,KS,beer_tax,Multiple Changes,direct_apis,http://alcoholpolicy.niaaa.nih.gov/apis-policy-topics/beer/30/changes-over-time?jr%5B122%5D=122,2,16,0,0,0,Keyword fallback labels.,heuristic_fallback,heuristic,0,0,0,audited,
apis_KS_sunday_sales_2005_1__c01,KS,sunday_sales,Local option authorized,direct_apis,http://alcoholpolicy.niaaa.nih.gov/apis-policy-topics/bans-on-off-premises-sunday-sales/28/changes-over-time?jr%5B122%5D=122,3,23,0,0,0,Keyword fallback labels.,heuristic_fallback,heuristic,0,0,0,audited,
apis_KS_sunday_sales_2005_2__c01,KS,sunday_sales,Policy change,direct_apis,,2,13,0,0,0,Keyword fallback labels.,heuristic_fallback,heuristic,0,0,0,audited,
apis_KY_beer_tax_2005_1__c01,KY,beer_tax,Multiple changes,direct_apis,http://alcoholpolicy.niaaa.nih.gov/apis-policy-topics/beer/30/changes-over-time?jr%5B123%5D=123,2,16,0,0,0,Keyword fallback labels.,heuristic_fallback,heuristic,0,0,0,audited,
apis_KY_beer_tax_2005_2__c01,KY,beer_tax,Policy change,direct_apis,,2,13,0,0,0,Keyword fallback labels.,heuristic_fallback,heuristic,0,0,0,audited,
apis_KY_beer_tax_2015_4__c01,KY,beer_tax,Multiple changes,direct_apis,http://alcoholpolicy.niaaa.nih.gov/apis-policy-topics/beer/30/changes-over-time?jr%5B123%5D=123,2,16,0,0,0,Keyword fallback labels.,heuristic_fallback,heuristic,0,0,0,audited,
apis_KY_beer_tax_2015_5__c01,KY,beer_tax,Policy change,direct_apis,,2,13,0,0,0,Keyword fallback labels.,heuristic_fallback,heuristic,0,0,0,audited,
apis_KY_beer_tax_2016_7__c01,KY,beer_tax,Multiple changes,direct_apis,http://alcoholpolicy.niaaa.nih.gov/apis-policy-topics/beer/30/changes-over-time?jr%5B123%5D=123,2,16,0,0,0,Keyword fallback labels.,heuristic_fallback,heuristic,0,0,0,audited,
apis_KY_beer_tax_2016_8__c01,KY,beer_tax,Policy change,direct_apis,,2,13,0,0,0,Keyword fallback labels.,heuristic_fallback,heuristic,0,0,0,audited,
apis_KY_beer_tax_2017_10__c01,KY,beer_tax,Multiple changes,direct_apis,http://alcoholpolicy.niaaa.nih.gov/apis-policy-topics/beer/30/changes-over-time?jr%5B123%5D=123,2,16,0,0,0,Keyword fallback labels.,heuristic_fallback,heuristic,0,0,0,audited,
apis_KY_beer_tax_2018_13__c01,KY,beer_tax,Multiple changes,direct_apis,http://alcoholpolicy.niaaa.nih.gov/apis-policy-topics/beer/30/changes-over-time?jr%5B123%5D=123,2,16,0,0,0,Keyword fallback labels.,heuristic_fallback,heuristic,0,0,0,audited,
apis_KY_sunday_sales_2013_1__c01,KY,sunday_sales,Policy change,direct_apis,,2,13,0,0,0,Keyword fallback labels.,heuristic_fallback,heuristic,0,0,0,audited,
apis_KY_sunday_sales_2013_3__c01,KY,sunday_sales,Restrictions on Sunday sales change,direct_apis,http://alcoholpolicy.niaaa.nih.gov/apis-policy-topics/bans-on-off-premises-sunday-sales/28/changes-over-time?jr%5B123%5D=123,5,35,0,1,0,Keyword fallback labels.,heuristic_fallback,heuristic,0,1,0,audited,
apis_MA_sunday_sales_2003_1__c01,MA,sunday_sales,Policy change,direct_apis,,2,13,0,0,0,Keyword fallback labels.,heuristic_fallback,heuristic,0,0,0,audited,
apis_MA_sunday_sales_2003_3__c01,MA,sunday_sales,Sunday sales ban repealed,direct_apis,http://alcoholpolicy.niaaa.nih.gov/apis-policy-topics/bans-on-off-premises-sunday-sales/28/changes-over-time?jr%5B127%5D=127,4,25,0,1,0,Keyword fallback labels.,heuristic_fallback,heuristic,0,1,0,audited,
apis_MD_beer_tax_2011_1__c01,MD,beer_tax,Multiple Changes,direct_apis,http://alcoholpolicy.niaaa.nih.gov/apis-policy-topics/beer/30/changes-over-time?jr%5B126%5D=126,2,16,0,0,0,Keyword fallback labels.,heuristic_fallback,heuristic,0,0,0,audited,
apis_MD_beer_tax_2011_2__c01,MD,beer_tax,Policy change,direct_apis,,2,13,0,0,0,Keyword fallback labels.,heuristic_fallback,heuristic,0,0,0,audited,
apis_ME_beer_tax_2013_1__c01,ME,beer_tax,Ad valorem on-site tax per increased,direct_apis,http://alcoholpolicy.niaaa.nih.gov/apis-policy-topics/beer/30/changes-over-time?jr%5B125%5D=125,6,36,1,0,0,Keyword fallback labels.,heuristic_fallback,heuristic,1,0,0,audited,
apis_MN_beer_tax_2006_1__c01,MN,beer_tax,Multiple Changes,direct_apis,http://alcoholpolicy.niaaa.nih.gov/apis-policy-topics/beer/30/changes-over-time?jr%5B129%5D=129,2,16,0,0,0,Keyword fallback labels.,heuristic_fallback,heuristic,0,0,0,audited,
apis_MN_sunday_sales_2017_1__c01,MN,sunday_sales,Sunday sales ban repealed,direct_apis,http://alcoholpolicy.niaaa.nih.gov/apis-policy-topics/bans-on-off-premises-sunday-sales/28/changes-over-time?jr%5B129%5D=129,4,25,0,1,0,Keyword fallback labels.,heuristic_fallback,heuristic,0,1,0,audited,
apis_MO_underage_purchase_2006_1__c01,MO,underage_purchase,Allowance for law enforcement purchase established,direct_apis,http://alcoholpolicy.niaaa.nih.gov/apis-policy-topics/underage-purchase-of-alcohol/43/changes-over-time?jr%5B131%5D=131,6,50,0,0,1,Keyword fallback labels.,heuristic_fallback,heuristic,0,0,1,audited,
apis_MO_underage_purchase_2006_2__c01,MO,underage_purchase,Policy change,direct_apis,,2,13,0,0,0,Keyword fallback labels.,heuristic_fallback,heuristic,0,0,0,audited,
apis_NC_beer_tax_2009_1__c01,NC,beer_tax,Specific excise tax per gallon increased,direct_apis,http://alcoholpolicy.niaaa.nih.gov/apis-policy-topics/beer/30/changes-over-time?jr%5B139%5D=139,6,40,1,0,0,Keyword fallback labels.,heuristic_fallback,heuristic,1,0,0,audited,
apis_NE_beer_tax_2003_1__c01,NE,beer_tax,Specific excise tax per gallon increased,direct_apis,http://alcoholpolicy.niaaa.nih.gov/apis-policy-topics/beer/30/changes-over-time?jr%5B133%5D=133,6,40,1,0,0,Keyword fallback labels.,heuristic_fallback,heuristic,1,0,0,audited,
apis_NV_beer_tax_2003_1__c01,NV,beer_tax,Specific excise tax per gallon increased,direct_apis,http://alcoholpolicy.niaaa.nih.gov/apis-policy-topics/beer/30/changes-over-time?jr%5B134%5D=134,6,40,1,0,0,Keyword fallback labels.,heuristic_fallback,heuristic,1,0,0,audited,
apis_NY_beer_tax_2003_1__c01,NY,beer_tax,Policy change,direct_apis,,2,13,0,0,0,Keyword fallback labels.,heuristic_fallback,heuristic,0,0,0,audited,
apis_NY_beer_tax_2003_3__c01,NY,beer_tax,Specific excise tax per gallon decreased,direct_apis,http://alcoholpolicy.niaaa.nih.gov/apis-policy-topics/beer/30/changes-over-time?jr%5B138%5D=138,6,40,1,0,0,Keyword fallback labels.,heuristic_fallback,heuristic,1,0,0,audited,
apis_OH_underage_purchase_2004_1__c01,OH,underage_purchase,Allowance for law enforcement purchase established,direct_apis,http://alcoholpolicy.niaaa.nih.gov/apis-policy-topics/underage-purchase-of-alcohol/43/changes-over-time?jr%5B141%5D=141,6,50,0,0,1,Keyword fallback labels.,heuristic_fallback,heuristic,0,0,1,audited,
apis_OH_underage_purchase_2004_2__c01,OH,underage_purchase,Policy change,direct_apis,,2,13,0,0,0,Keyword fallback labels.,heuristic_fallback,heuristic,0,0,0,audited,
apis_OK_beer_tax_2018_1__c01,OK,beer_tax,Ad valorem on-site tax added,direct_apis,http://alcoholpolicy.niaaa.nih.gov/apis-policy-topics/beer/30/changes-over-time?jr%5B142%5D=142,5,28,1,0,0,Keyword fallback labels.,heuristic_fallback,heuristic,1,0,0,audited,
apis_OK_sunday_sales_2018_1__c01,OK,sunday_sales,Sunday sales ban repealed,direct_apis,http://alcoholpolicy.niaaa.nih.gov/apis-policy-topics/bans-on-off-premises-sunday-sales/28/changes-over-time?jr%5B142%5D=142,4,25,0,1,0,Keyword fallback labels.,heuristic_fallback,heuristic,0,1,0,audited,
apis_OK_underage_purchase_2015_1__c01,OK,underage_purchase,Prohibition on purchase adopted,direct_apis,http://alcoholpolicy.niaaa.nih.gov/apis-policy-topics/underage-purchase-of-alcohol/43/changes-over-time?jr%5B142%5D=142,4,31,0,0,1,Keyword fallback labels.,heuristic_fallback,heuristic,0,0,1,audited,
apis_OK_underage_purchase_2018_4__c01,OK,underage_purchase,Prohibition on purchase repealed,direct_apis,http://alcoholpolicy.niaaa.nih.gov/apis-policy-topics/underage-purchase-of-alcohol/43/changes-over-time?jr%5B142%5D=142,4,32,0,0,1,Keyword fallback labels.,heuristic_fallback,heuristic,0,0,1,audited,
apis_PA_sunday_sales_2003_1__c01,PA,sunday_sales,Policy change,direct_apis,,2,13,0,0,0,Keyword fallback labels.,heuristic_fallback,heuristic,0,0,0,audited,
apis_PA_sunday_sales_2003_3__c01,PA,sunday_sales,Sunday sales ban repealed,direct_apis,http://alcoholpolicy.niaaa.nih.gov/apis-policy-topics/bans-on-off-premises-sunday-sales/28/changes-over-time?jr%5B144%5D=144,4,25,0,1,0,Keyword fallback labels.,heuristic_fallback,heuristic,0,1,0,audited,
apis_PA_underage_purchase_2003_1__c01,PA,underage_purchase,Allowance for law enforcement purchase established,direct_apis,http://alcoholpolicy.niaaa.nih.gov/apis-policy-topics/underage-purchase-of-alcohol/43/changes-over-time?jr%5B144%5D=144,6,50,0,0,1,Keyword fallback labels.,heuristic_fallback,heuristic,0,0,1,audited,
apis_PA_underage_purchase_2003_2__c01,PA,underage_purchase,Policy change,direct_apis,,2,13,0,0,0,Keyword fallback labels.,heuristic_fallback,heuristic,0,0,0,audited,
apis_PA_underage_purchase_2022_4__c01,PA,underage_purchase,Allowance for law enforcement purchase eliminated,direct_apis,http://alcoholpolicy.niaaa.nih.gov/apis-policy-topics/underage-purchase-of-alcohol/43/changes-over-time?jr%5B144%5D=144,6,49,0,0,1,Keyword fallback labels.,heuristic_fallback,heuristic,0,0,1,audited,
apis_PA_underage_purchase_2022_5__c01,PA,underage_purchase,Policy change,direct_apis,,2,13,0,0,0,Keyword fallback labels.,heuristic_fallback,heuristic,0,0,0,audited,
apis_RI_beer_tax_2013_1__c01,RI,beer_tax,Specific excise tax per gallon increased,direct_apis,http://alcoholpolicy.niaaa.nih.gov/apis-policy-topics/beer/30/changes-over-time?jr%5B145%5D=145,6,40,1,0,0,Keyword fallback labels.,heuristic_fallback,heuristic,1,0,0,audited,
apis_RI_sunday_sales_2004_1__c01,RI,sunday_sales,Policy change,direct_apis,,2,13,0,0,0,Keyword fallback labels.,heuristic_fallback,heuristic,0,0,0,audited,
apis_RI_sunday_sales_2004_3__c01,RI,sunday_sales,Sunday sales ban repealed,direct_apis,http://alcoholpolicy.niaaa.nih.gov/apis-policy-topics/bans-on-off-premises-sunday-sales/28/changes-over-time?jr%5B145%5D=145,4,25,0,1,0,Keyword fallback labels.,heuristic_fallback,heuristic,0,1,0,audited,
apis_RI_underage_purchase_2003_1__c01,RI,underage_purchase,Allowance for law enforcement purchase established,direct_apis,http://alcoholpolicy.niaaa.nih.gov/apis-policy-topics/underage-purchase-of-alcohol/43/changes-over-time?jr%5B145%5D=145,6,50,0,0,1,Keyword fallback labels.,heuristic_fallback,heuristic,0,0,1,audited,
apis_RI_underage_purchase_2003_2__c01,RI,underage_purchase,Policy change,direct_apis,,2,13,0,0,0,Keyword fallback labels.,heuristic_fallback,heuristic,0,0,0,audited,
apis_SC_underage_purchase_2007_1__c01,SC,underage_purchase,Allowance for law enforcement purchase established,direct_apis,http://alcoholpolicy.niaaa.nih.gov/apis-policy-topics/underage-purchase-of-alcohol/43/changes-over-time?jr%5B146%5D=146,6,50,0,0,1,Keyword fallback labels.,heuristic_fallback,heuristic,0,0,1,audited,
apis_SC_underage_purchase_2007_2__c01,SC,underage_purchase,Policy change,direct_apis,,2,13,0,0,0,Keyword fallback labels.,heuristic_fallback,heuristic,0,0,0,audited,
apis_TN_beer_tax_2013_1__c01,TN,beer_tax,Specific excise tax per gallon increased,direct_apis,http://alcoholpolicy.niaaa.nih.gov/apis-policy-topics/beer/30/changes-over-time?jr%5B148%5D=148,6,40,1,0,0,Keyword fallback labels.,heuristic_fallback,heuristic,1,0,0,audited,
apis_TN_sunday_sales_2018_1__c01,TN,sunday_sales,Policy change,direct_apis,,2,13,0,0,0,Keyword fallback labels.,heuristic_fallback,heuristic,0,0,0,audited,
apis_TN_sunday_sales_2018_3__c01,TN,sunday_sales,Sunday sales ban repealed,direct_apis,http://alcoholpolicy.niaaa.nih.gov/apis-policy-topics/bans-on-off-premises-sunday-sales/28/changes-over-time?jr%5B148%5D=148,4,25,0,1,0,Keyword fallback labels.,heuristic_fallback,heuristic,0,1,0,audited,
apis_TX_beer_tax_2014_2__c01,TX,beer_tax,Policy change,direct_apis,,2,13,0,0,0,Keyword fallback labels.,heuristic_fallback,heuristic,0,0,0,audited,
apis_UT_beer_tax_2019_1__c01,UT,beer_tax,Other change,direct_apis,http://alcoholpolicy.niaaa.nih.gov/apis-policy-topics/beer/30/changes-over-time?jr%5B150%5D=150,2,12,0,0,0,Keyword fallback labels.,heuristic_fallback,heuristic,0,0,0,audited,
apis_UT_beer_tax_2019_2__c01,UT,beer_tax,Policy change,direct_apis,,2,13,0,0,0,Keyword fallback labels.,heuristic_fallback,heuristic,0,0,0,audited,
apis_UT_sunday_sales_2019_1__c01,UT,sunday_sales,Exception for 3.2 beer sales eliminated,direct_apis,http://alcoholpolicy.niaaa.nih.gov/apis-policy-topics/bans-on-off-premises-sunday-sales/28/changes-over-time?jr%5B150%5D=150,6,39,0,0,0,Keyword fallback labels.,heuristic_fallback,heuristic,0,0,0,audited,
apis_UT_sunday_sales_2019_2__c01,UT,sunday_sales,Policy change,direct_apis,,2,13,0,0,0,Keyword fallback labels.,heuristic_fallback,heuristic,0,0,0,audited,
apis_VA_sunday_sales_2004_1__c01,VA,sunday_sales,Sunday sales ban repealed,direct_apis,http://alcoholpolicy.niaaa.nih.gov/apis-policy-topics/bans-on-off-premises-sunday-sales/28/changes-over-time?jr%5B152%5D=152,4,25,0,1,0,Keyword fallback labels.,heuristic_fallback,heuristic,0,1,0,audited,
apis_VT_beer_tax_2003_1__c01,VT,beer_tax,Ad valorem on-site per gallon decreased,direct_apis,http://alcoholpolicy.niaaa.nih.gov/apis-policy-topics/beer/30/changes-over-time?jr%5B151%5D=151,6,39,1,0,0,Keyword fallback labels.,heuristic_fallback,heuristic,1,0,0,audited,
apis_WI_underage_purchase_2013_1__c01,WI,underage_purchase,Law enforcement exception created,direct_apis,http://alcoholpolicy.niaaa.nih.gov/apis-policy-topics/underage-purchase-of-alcohol/43/changes-over-time?jr%5B155%5D=155,4,33,0,0,0,Keyword fallback labels.,heuristic_fallback,heuristic,0,0,0,audited,
apis_WI_underage_purchase_2013_2__c01,WI,underage_purchase,Policy change,direct_apis,,2,13,0,0,0,Keyword fallback labels.,heuristic_fallback,heuristic,0,0,0,audited,
wiki_AK_beer_tax_001__c01,AK,beer_tax,"– 5 a.m., except election days (liquor stores may not open until polls close) No (although many grocery stores have separate areas that sell all forms of alcoholic beverages and many bars sell packaged liquor as well) 21 21 Exception",supplemental_only,https://en.wikipedia.org/wiki/List_of_alcohol_laws_of_the_United_States,40,233,0,0,0,Keyword fallback labels.,heuristic_fallback,heuristic,0,0,0,audited,
wiki_AL_beer_tax_001__c01,AL,beer_tax,"Private clubs, which require a membership fee and a membership card, have no day or time restrictions.",supplemental_only,https://en.wikipedia.org/wiki/List_of_alcohol_laws_of_the_United_States,17,102,1,0,0,Keyword fallback labels.,heuristic_fallback,heuristic,1,0,0,audited,
wiki_AL_beer_tax_001__c02,AL,beer_tax,Yes No 21 21 No exceptions to the law 13.9% ABV cap on beer Beer containers may not exceed 25.4 ounces (0.75 L) ABV > 14.9% wine sold in ABC stores Alcohol may be served 24 hours a day unless,supplemental_only,https://en.wikipedia.org/wiki/List_of_alcohol_laws_of_the_United_States,40,191,1,1,0,Keyword fallback labels.,heuristic_fallback,heuristic,1,1,0,audited,
wiki_AL_beer_tax_001__c03,AL,beer_tax,may be served 24 hours a day unless restricted by local ordinances.,supplemental_only,https://en.wikipedia.org/wiki/List_of_alcohol_laws_of_the_United_States,12,67,0,1,0,Keyword fallback labels.,heuristic_fallback,heuristic,0,1,0,audited,
wiki_AL_sunday_sales_001__c06,AL,sunday_sales,"Privately owned retail liquor stores tend to be open on Sundays, public (federal & state) holidays, and later hours than state-owned liquor stores.",supplemental_only,https://en.wikipedia.org/wiki/List_of_alcohol_laws_of_the_United_States,23,147,0,1,0,Keyword fallback labels.,heuristic_fallback,heuristic,0,1,0,audited,
wiki_AL_underage_purchase_001__c04,AL,underage_purchase,"Of the 26 ""dry"" counties, 23 have at least one ""wet"" city",supplemental_only,https://en.wikipedia.org/wiki/List_of_alcohol_laws_of_the_United_States,12,57,0,0,0,Keyword fallback labels.,heuristic_fallback,heuristic,0,0,0,audited,
wiki_AL_underage_purchase_001__c07,AL,underage_purchase,State-owned liquor stores are closed on Sundays and public holidays.,supplemental_only,https://en.wikipedia.org/wiki/List_of_alcohol_laws_of_the_United_States,10,68,0,0,0,Keyword fallback labels.,heuristic_fallback,heuristic,0,0,0,audited,
wiki_AR_beer_tax_001__c01,AR,beer_tax,No 7 a.m.,supplemental_only,https://en.wikipedia.org/wiki/List_of_alcohol_laws_of_the_United_States,3,9,0,0,0,Keyword fallback labels.,heuristic_fallback,heuristic,0,0,0,audited,
wiki_AR_beer_tax_001__c02,AR,beer_tax,– 1 a.m.,supplemental_only,https://en.wikipedia.org/wiki/List_of_alcohol_laws_of_the_United_States,3,8,0,0,0,Keyword fallback labels.,heuristic_fallback,heuristic,0,0,0,audited,
wiki_AR_sunday_sales_001__c01,AR,sunday_sales,"(Generally prohibited on Sundays, but exceptions can be made through local option.) Yes No 21 21 No exceptions to the law Has numerous dry counties and other dry areas, but private clubs can serve even in dry areas.",supplemental_only,https://en.wikipedia.org/wiki/List_of_alcohol_laws_of_the_United_States,38,215,0,0,0,Keyword fallback labels.,heuristic_fallback,heuristic,0,0,0,audited,
wiki_AR_sunday_sales_001__c02,AR,sunday_sales,No sales on Christmas Day.,supplemental_only,https://en.wikipedia.org/wiki/List_of_alcohol_laws_of_the_United_States,5,26,0,0,0,Keyword fallback labels.,heuristic_fallback,heuristic,0,0,0,audited,
wiki_AZ_beer_tax_001__c01,AZ,beer_tax,Drive-through liquor stores are allowed.,supplemental_only,https://en.wikipedia.org/wiki/List_of_alcohol_laws_of_the_United_States,5,40,0,0,0,Keyword fallback labels.,heuristic_fallback,heuristic,0,0,0,audited,
wiki_AZ_beer_tax_001__c02,AZ,beer_tax,"""Beer busts"" (all the beer/liquor one can drink for a set price) in bars are illegal.",supplemental_only,https://en.wikipedia.org/wiki/List_of_alcohol_laws_of_the_United_States,16,85,1,0,0,Keyword fallback labels.,heuristic_fallback,heuristic,1,0,0,audited,
wiki_AZ_sunday_sales_001__c01,AZ,sunday_sales,seven days a week—no election day nor holiday restrictions Yes 21 21 Exception :,supplemental_only,https://en.wikipedia.org/wiki/List_of_alcohol_laws_of_the_United_States,14,80,0,0,0,Keyword fallback labels.,heuristic_fallback,heuristic,0,0,0,audited,
wiki_AZ_underage_purchase_001__c01,AZ,underage_purchase,seven days a week—no election day nor holiday restrictions Yes 21 21 Exception :,supplemental_only,https://en.wikipedia.org/wiki/List_of_alcohol_laws_of_the_United_States,14,80,0,0,0,Keyword fallback labels.,heuristic_fallback,heuristic,0,0,0,audited,
wiki_AZ_underage_purchase_001__c04,AZ,underage_purchase,Persons 18 years of age or older may work in bars and liquor stores serving and selling alcohol.,supplemental_only,https://en.wikipedia.org/wiki/List_of_alcohol_laws_of_the_United_States,18,96,0,0,0,Keyword fallback labels.,heuristic_fallback,heuristic,0,0,0,audited,
wiki_AZ_underage_purchase_001__c05,AZ,underage_purchase,"Patrons may not purchase for on premises consumption more than 50 ounces of beer, 1 liter of wine or 4 ounces of distilled spirits at one time.",supplemental_only,https://en.wikipedia.org/wiki/List_of_alcohol_laws_of_the_United_States,27,143,0,0,1,Keyword fallback labels.,heuristic_fallback,heuristic,0,0,1,audited,
wiki_CA_beer_tax_001__c02,CA,beer_tax,– 2 a.m.,supplemental_only,https://en.wikipedia.org/wiki/List_of_alcohol_laws_of_the_United_States,3,8,0,0,0,Keyword fallback labels.,heuristic_fallback,heuristic,0,0,0,audited,
wiki_CA_sunday_sales_001__c02,CA,sunday_sales,no upper limit for other distilled liquors (B&P 23403).,supplemental_only,https://en.wikipedia.org/wiki/List_of_alcohol_laws_of_the_United_States,9,55,0,0,0,Keyword fallback labels.,heuristic_fallback,heuristic,0,0,0,audited,
wiki_CA_sunday_sales_001__c03,CA,sunday_sales,City and county governments can set different sale hours.,supplemental_only,https://en.wikipedia.org/wiki/List_of_alcohol_laws_of_the_United_States,9,57,0,1,0,Keyword fallback labels.,heuristic_fallback,heuristic,0,1,0,audited,
wiki_CA_underage_purchase_001__c02,CA,underage_purchase,A minor will not be penalized for possessing or consuming alcohol if:,supplemental_only,https://en.wikipedia.org/wiki/List_of_alcohol_laws_of_the_United_States,12,69,0,0,1,Keyword fallback labels.,heuristic_fallback,heuristic,0,0,1,audited,
wiki_CA_underage_purchase_001__c03,CA,underage_purchase,(1)The underage person called 911 and reported that either himself or herself or another person was in need of medical assistance due to alcohol consumption,supplemental_only,https://en.wikipedia.org/wiki/List_of_alcohol_laws_of_the_United_States,25,156,0,0,1,Keyword fallback labels.,heuristic_fallback,heuristic,0,0,1,audited,
wiki_CA_underage_purchase_001__c08,CA,underage_purchase,You may serve alcohol if you are at least 21 years of age.,supplemental_only,https://en.wikipedia.org/wiki/List_of_alcohol_laws_of_the_United_States,13,58,0,0,0,Keyword fallback labels.,heuristic_fallback,heuristic,0,0,0,audited,
wiki_CO_beer_tax_001__c03,CO,beer_tax,"Liquor stores and liquor-licensed drug stores may have only one location, while beer may be sold in gas stations, supermarkets, and convenience stores.",supplemental_only,https://en.wikipedia.org/wiki/List_of_alcohol_laws_of_the_United_States,23,151,0,0,0,Keyword fallback labels.,heuristic_fallback,heuristic,0,0,0,audited,
wiki_CO_sunday_sales_001__c02,CO,sunday_sales,Appropriately licensed businesses may sell beer for both on and off-premises consumption.,supplemental_only,https://en.wikipedia.org/wiki/List_of_alcohol_laws_of_the_United_States,12,89,0,1,0,Keyword fallback labels.,heuristic_fallback,heuristic,0,1,0,audited,
wiki_CT_beer_tax_001__c01,CT,beer_tax,Spirits and wine can be purchased only at liquor stores.,supplemental_only,https://en.wikipedia.org/wiki/List_of_alcohol_laws_of_the_United_States,10,56,0,0,0,Keyword fallback labels.,heuristic_fallback,heuristic,0,0,0,audited,
wiki_CT_sunday_sales_001__c01,CT,sunday_sales,"Sunday off-premises sales allowed as of May 20, 2012",supplemental_only,https://en.wikipedia.org/wiki/List_of_alcohol_laws_of_the_United_States,9,52,0,1,0,Keyword fallback labels.,heuristic_fallback,heuristic,0,1,0,audited,
wiki_CT_underage_purchase_001__c01,CT,underage_purchase,(Sun.) Yes No 21 Exception :,supplemental_only,https://en.wikipedia.org/wiki/List_of_alcohol_laws_of_the_United_States,6,28,0,0,0,Keyword fallback labels.,heuristic_fallback,heuristic,0,0,0,audited,
wiki_CT_underage_purchase_001__c02,CT,underage_purchase,No explicit age if a present legal guardian is 21 or older 21 Exception :,supplemental_only,https://en.wikipedia.org/wiki/List_of_alcohol_laws_of_the_United_States,15,73,0,0,0,Keyword fallback labels.,heuristic_fallback,heuristic,0,0,0,audited,
wiki_CT_underage_purchase_001__c03,CT,underage_purchase,"Underage consumption is allowed on private non alcohol selling premises with parental consent, for medical and religious purposes, and on alcohol selling premises with parental consent.",supplemental_only,https://en.wikipedia.org/wiki/List_of_alcohol_laws_of_the_United_States,26,185,0,0,1,Keyword fallback labels.,heuristic_fallback,heuristic,0,0,1,audited,
wiki_DC_sunday_sales_001__c02,DC,sunday_sales,"Certain wards may be made dry by the decision of the local ANC , but as of 2005 none are The day before a federal or district holiday, on-premises retailers may sell/serve from 8 a.m.-3 a.m.",supplemental_only,https://en.wikipedia.org/wiki/List_of_alcohol_laws_of_the_United_States,36,190,0,0,0,Keyword fallback labels.,heuristic_fallback,heuristic,0,0,0,audited,
wiki_DC_sunday_sales_001__c03,DC,sunday_sales,"On New Year's Eve, on-premises retailers may sell/serve until 4 a.m.",supplemental_only,https://en.wikipedia.org/wiki/List_of_alcohol_laws_of_the_United_States,11,68,0,0,0,Keyword fallback labels.,heuristic_fallback,heuristic,0,0,0,audited,
wiki_DC_underage_purchase_001__c02,DC,underage_purchase,9 a.m.-12 a.m.,supplemental_only,https://en.wikipedia.org/wiki/List_of_alcohol_laws_of_the_United_States,3,14,0,0,0,Keyword fallback labels.,heuristic_fallback,heuristic,0,0,0,audited,
wiki_DE_beer_tax_001__c02,DE,beer_tax,"Unless accompanied by a parent or guardian over 21, no person under 21 may enter a liquor store or taproom for any reason, even for the intent of purchasing only tobacco or lottery tickets.",supplemental_only,https://en.wikipedia.org/wiki/List_of_alcohol_laws_of_the_United_States,34,189,0,0,0,Keyword fallback labels.,heuristic_fallback,heuristic,0,0,0,audited,
wiki_DE_underage_purchase_001__c02,DE,underage_purchase,A minor will not be penalized for if discovered consuming alcohol through a medical emergency.,supplemental_only,https://en.wikipedia.org/wiki/List_of_alcohol_laws_of_the_United_States,15,94,0,0,1,Keyword fallback labels.,heuristic_fallback,heuristic,0,0,1,audited,
wiki_DE_underage_purchase_001__c04,DE,underage_purchase,"For off-premises consumption, alcohol may be purchased only in a liquor store , taproom, or a brew pub that has an off-premises license.",supplemental_only,https://en.wikipedia.org/wiki/List_of_alcohol_laws_of_the_United_States,23,136,0,1,0,Keyword fallback labels.,heuristic_fallback,heuristic,0,1,0,audited,
wiki_FL_beer_tax_001__c03,FL,beer_tax,Liquor must be sold in dedicated liquor stores which may be in a separate part of a grocery or a drug store.,supplemental_only,https://en.wikipedia.org/wiki/List_of_alcohol_laws_of_the_United_States,22,108,0,0,0,Keyword fallback labels.,heuristic_fallback,heuristic,0,0,0,audited,
wiki_FL_sunday_sales_001__c02,FL,sunday_sales,such as for Sunday morning,supplemental_only,https://en.wikipedia.org/wiki/List_of_alcohol_laws_of_the_United_States,5,26,0,1,0,Keyword fallback labels.,heuristic_fallback,heuristic,0,1,0,audited,
wiki_FL_sunday_sales_001__c03,FL,sunday_sales,Ormond Beach stays open until 7 pm on Sundays.,supplemental_only,https://en.wikipedia.org/wiki/List_of_alcohol_laws_of_the_United_States,9,46,0,0,0,Keyword fallback labels.,heuristic_fallback,heuristic,0,0,0,audited,
wiki_FL_sunday_sales_001__c04,FL,sunday_sales,Miami-Dade County liquor stores may operate 24 hours a day.,supplemental_only,https://en.wikipedia.org/wiki/List_of_alcohol_laws_of_the_United_States,10,59,0,1,0,Keyword fallback labels.,heuristic_fallback,heuristic,0,1,0,audited,
wiki_FL_sunday_sales_001__c06,FL,sunday_sales,"18 for educational purposes Sale, processing or consumption of any liquor or spirit of greater than 153 proof is illegal.",supplemental_only,https://en.wikipedia.org/wiki/List_of_alcohol_laws_of_the_United_States,20,121,0,1,0,Keyword fallback labels.,heuristic_fallback,heuristic,0,1,0,audited,
wiki_FL_underage_purchase_001__c01,FL,underage_purchase,"No State, federal district or territory law prohibits selling of alcohol between midnight and 7 a.m., unless the county chooses to change the operating hours later (FS 562.14(1))",supplemental_only,https://en.wikipedia.org/wiki/List_of_alcohol_laws_of_the_United_States,28,178,0,1,0,Keyword fallback labels.,heuristic_fallback,heuristic,0,1,0,audited,
wiki_GA_beer_tax_001__c02,GA,beer_tax,No alcohol sales on Christmas Day.,supplemental_only,https://en.wikipedia.org/wiki/List_of_alcohol_laws_of_the_United_States,6,34,0,1,0,"Restricts alcohol sales on a specific day, impacting availability.",gemini-2.5-flash,gemini,0,0,0,audited,
wiki_GA_underage_purchase_001__c02,GA,underage_purchase,"Underage drinking allowed on non-alcoholic premises with parental consent, and for religious and medical purposes.",supplemental_only,https://en.wikipedia.org/wiki/List_of_alcohol_laws_of_the_United_States,15,114,0,1,0,"Defines conditions for underage drinking, impacting access for minors.",gemini-2.5-flash,gemini,0,0,1,audited,
wiki_HI_sunday_sales_001__c01,HI,sunday_sales,"No Bars and restaurants stop serving alcohol at 2 a.m., but some hold a special 'cabaret license' that allows them to continue serving alcohol until 4 a.m.",supplemental_only,https://en.wikipedia.org/wiki/List_of_alcohol_laws_of_the_United_States,27,155,0,1,0,"Defines alcohol serving hours and license exceptions, affecting availability.",gemini-2.5-flash,gemini,0,0,0,audited,
wiki_IA_beer_tax_001__c01,IA,beer_tax,No Yes 6 a.m.,supplemental_only,https://en.wikipedia.org/wiki/List_of_alcohol_laws_of_the_United_States,4,13,0,1,0,"Mentions a specific time, likely related to alcohol sales hours, affecting access.",gemini-2.5-flash,gemini,0,0,0,audited,
wiki_IA_beer_tax_001__c02,IA,beer_tax,– 2 a.m.,supplemental_only,https://en.wikipedia.org/wiki/List_of_alcohol_laws_of_the_United_States,3,8,0,1,0,"Mentions a specific time, likely related to alcohol sales hours, affecting access.",gemini-2.5-flash,gemini,0,0,0,audited,
wiki_IA_underage_purchase_001__c02,IA,underage_purchase,"In Iowa, minors under 18 can legally drink in a private residence under the supervision of their parents.",supplemental_only,https://en.wikipedia.org/wiki/List_of_alcohol_laws_of_the_United_States,18,105,0,1,0,"Defines conditions for underage drinking, impacting access for minors.",gemini-2.5-flash,gemini,0,0,0,audited,
wiki_ID_beer_tax_001__c02,ID,beer_tax,"to 2:00 a.m., 7:00 a.m.",supplemental_only,https://en.wikipedia.org/wiki/List_of_alcohol_laws_of_the_United_States,5,23,0,1,0,"Mentions specific times, likely related to alcohol sales hours, affecting access.",gemini-2.5-flash,gemini,0,0,0,audited,
wiki_ID_sunday_sales_001__c02,ID,sunday_sales,"to 2:00 a.m., 7:00 a.m.",supplemental_only,https://en.wikipedia.org/wiki/List_of_alcohol_laws_of_the_United_States,5,23,0,1,0,"Mentions specific times, likely related to alcohol sales hours, affecting access.",gemini-2.5-flash,gemini,0,0,0,audited,
wiki_ID_underage_purchase_001__c01,ID,underage_purchase,"in some counties Yes No 21 21 Alcoholic beverages exceeding 16% ABV can only be sold in Idaho State Liquor Dispensary stores, or contracted stores.",supplemental_only,https://en.wikipedia.org/wiki/List_of_alcohol_laws_of_the_United_States,25,147,0,1,0,"Restricts sales of high-ABV alcohol to specific stores, impacting availability.",gemini-2.5-flash,gemini,0,0,0,audited,
wiki_IL_beer_tax_001__c03,IL,beer_tax,Yes 21 21 Opening/closing hours are up to the decision of counties or municipalities.,supplemental_only,https://en.wikipedia.org/wiki/List_of_alcohol_laws_of_the_United_States,14,85,0,1,0,"Refers to opening/closing hours for alcohol sales, impacting availability.",gemini-2.5-flash,gemini,0,1,0,audited,
wiki_IL_underage_purchase_001__c02,IL,underage_purchase,"a handful of 21- to 22-hour bars exist in Cook County , and the Metro East .",supplemental_only,https://en.wikipedia.org/wiki/List_of_alcohol_laws_of_the_United_States,17,76,0,0,0,Keyword fallback labels.,heuristic_fallback,heuristic,0,0,0,audited,
wiki_IN_sunday_sales_001__c02,IN,sunday_sales,"Sales during a portion of the day (e.g., happy hours ) are prohibited, but all-day drink specials are allowed (IC 7.1-5-10-20).",supplemental_only,https://en.wikipedia.org/wiki/List_of_alcohol_laws_of_the_United_States,21,127,0,1,0,Keyword fallback labels.,heuristic_fallback,heuristic,0,1,0,audited,
wiki_IN_underage_purchase_001__c01,IN,underage_purchase,"Minors, including babies, are not allowed to enter liquor stores, taverns, or bars (IC 7.1-5-7-9).",supplemental_only,https://en.wikipedia.org/wiki/List_of_alcohol_laws_of_the_United_States,15,98,0,0,0,Keyword fallback labels.,heuristic_fallback,heuristic,0,0,0,audited,
wiki_IN_underage_purchase_001__c02,IN,underage_purchase,Indiana has a photo identification requirement for all off-premises transactions to anyone who appears to be less than 40 years old.,supplemental_only,https://en.wikipedia.org/wiki/List_of_alcohol_laws_of_the_United_States,21,132,0,1,0,Keyword fallback labels.,heuristic_fallback,heuristic,0,1,0,audited,
wiki_KS_beer_tax_001__c01,KS,beer_tax,There are four towns where liquor stores are not allowed.,supplemental_only,https://en.wikipedia.org/wiki/List_of_alcohol_laws_of_the_United_States,10,57,0,0,0,Keyword fallback labels.,heuristic_fallback,heuristic,0,0,0,audited,
wiki_KS_beer_tax_001__c02,KS,beer_tax,Other liquor sales only are allowed at state-licensed retail liquor stores.,supplemental_only,https://en.wikipedia.org/wiki/List_of_alcohol_laws_of_the_United_States,11,75,0,1,0,Keyword fallback labels.,heuristic_fallback,heuristic,0,1,0,audited,
wiki_KS_sunday_sales_001__c05,KS,sunday_sales,"Today, 3 counties still do not permit the on-premises sale of alcohol.",supplemental_only,https://en.wikipedia.org/wiki/List_of_alcohol_laws_of_the_United_States,12,70,0,1,0,Keyword fallback labels.,heuristic_fallback,heuristic,0,1,0,audited,
wiki_KY_beer_tax_001__c01,KY,beer_tax,No 6 a.m.,supplemental_only,https://en.wikipedia.org/wiki/List_of_alcohol_laws_of_the_United_States,3,9,0,0,0,Keyword fallback labels.,heuristic_fallback,heuristic,0,0,0,audited,
wiki_KY_sunday_sales_001__c04,KY,sunday_sales,"within Louisville Metro, though these cities have since changed local ordinances).",supplemental_only,https://en.wikipedia.org/wiki/List_of_alcohol_laws_of_the_United_States,11,82,0,0,0,Keyword fallback labels.,heuristic_fallback,heuristic,0,0,0,audited,
wiki_KY_sunday_sales_001__c05,KY,sunday_sales,Alcohol sale restriction and wet/dry (both by drink and package) allowed by both county and city local option.,supplemental_only,https://en.wikipedia.org/wiki/List_of_alcohol_laws_of_the_United_States,18,110,0,1,0,Keyword fallback labels.,heuristic_fallback,heuristic,0,1,0,audited,
wiki_KY_underage_purchase_001__c02,KY,underage_purchase,Alcohol sale restriction and wet/dry (both by drink and package) allowed by both county and city local option.,supplemental_only,https://en.wikipedia.org/wiki/List_of_alcohol_laws_of_the_United_States,18,110,0,1,0,Keyword fallback labels.,heuristic_fallback,heuristic,0,1,0,audited,
wiki_KY_underage_purchase_001__c03,KY,underage_purchase,"Approximately 39 counties in the state (mostly eastern and southern counties) are dry, all alcohol sale and possession prohibited",supplemental_only,https://en.wikipedia.org/wiki/List_of_alcohol_laws_of_the_United_States,19,129,0,1,0,Keyword fallback labels.,heuristic_fallback,heuristic,0,1,0,audited,
wiki_KY_underage_purchase_001__c04,KY,underage_purchase,"22 ""moist"" counties (with ""wet"" cities allowing package liquor sales in counties otherwise dry)",supplemental_only,https://en.wikipedia.org/wiki/List_of_alcohol_laws_of_the_United_States,14,95,0,0,0,Keyword fallback labels.,heuristic_fallback,heuristic,0,0,0,audited,
wiki_KY_underage_purchase_001__c05,KY,underage_purchase,29 counties that are otherwise dry but have communities with local option that allow sales of liquor by the drink or under special exemptions allowing sales at wineries.,supplemental_only,https://en.wikipedia.org/wiki/List_of_alcohol_laws_of_the_United_States,28,169,0,0,0,Keyword fallback labels.,heuristic_fallback,heuristic,0,0,0,audited,
wiki_LA_beer_tax_001__c01,LA,beer_tax,"As a result, dedicated ""liquor stores"" are mostly specialty stores in larger cities, and some supermarkets have large selections of liquors and wines, and compete on the basis of liquor prices and selection.",supplemental_only,https://en.wikipedia.org/wiki/List_of_alcohol_laws_of_the_United_States,33,207,0,0,0,Keyword fallback labels.,heuristic_fallback,heuristic,0,0,0,audited,
wiki_LA_sunday_sales_001__c01,LA,sunday_sales,No No state imposed restrictions on on-premises hours.,supplemental_only,https://en.wikipedia.org/wiki/List_of_alcohol_laws_of_the_United_States,8,54,0,1,0,Keyword fallback labels.,heuristic_fallback,heuristic,0,1,0,audited,
wiki_LA_sunday_sales_001__c06,LA,sunday_sales,"When a person under twenty-one years of age is accompanied by a parent, spouse, or legal guardian twenty-one years of age or older",supplemental_only,https://en.wikipedia.org/wiki/List_of_alcohol_laws_of_the_United_States,23,130,0,0,0,Keyword fallback labels.,heuristic_fallback,heuristic,0,0,0,audited,
wiki_LA_sunday_sales_001__c07,LA,sunday_sales,"For medical purposes when purchased as an over the counter medication, or when prescribed or administered by a licensed physician, pharmacist, dentist, nurse, hospital, or medical institution",supplemental_only,https://en.wikipedia.org/wiki/List_of_alcohol_laws_of_the_United_States,27,191,0,0,0,Keyword fallback labels.,heuristic_fallback,heuristic,0,0,0,audited,
wiki_LA_sunday_sales_001__c08,LA,sunday_sales,"In a private residence, which shall include a residential dwelling and up to twenty contiguous acres, on which the dwelling is located, owned by the same person who owns the dwelling",supplemental_only,https://en.wikipedia.org/wiki/List_of_alcohol_laws_of_the_United_States,31,182,0,0,0,Keyword fallback labels.,heuristic_fallback,heuristic,0,0,0,audited,
wiki_LA_sunday_sales_001__c09,LA,sunday_sales,"The sale, handling, transport, or service in dispensing of any alcoholic beverage pursuant to lawful ownership of an establishment or to lawful employment of a person under twenty-one years of age by a duly licensed manufacturer, wholesaler, or retailer of",supplemental_only,https://en.wikipedia.org/wiki/List_of_alcohol_laws_of_the_United_States,40,256,0,1,0,Keyword fallback labels.,heuristic_fallback,heuristic,0,1,0,audited,
wiki_LA_sunday_sales_001__c10,LA,sunday_sales,"a duly licensed manufacturer, wholesaler, or retailer of beverage alcohol.",supplemental_only,https://en.wikipedia.org/wiki/List_of_alcohol_laws_of_the_United_States,10,74,0,0,0,Keyword fallback labels.,heuristic_fallback,heuristic,0,0,0,audited,
wiki_LA_underage_purchase_001__c01,LA,underage_purchase,No statewide restrictions on hours of package sales.,supplemental_only,https://en.wikipedia.org/wiki/List_of_alcohol_laws_of_the_United_States,8,52,0,1,0,Keyword fallback labels.,heuristic_fallback,heuristic,0,1,0,audited,
wiki_LA_underage_purchase_001__c07,LA,underage_purchase,"The sale, handling, transport, or service in dispensing of any alcoholic beverage pursuant to lawful ownership of an establishment or to lawful employment of a person under twenty-one years of age by a duly licensed manufacturer, wholesaler, or retailer of",supplemental_only,https://en.wikipedia.org/wiki/List_of_alcohol_laws_of_the_United_States,40,256,0,1,0,Keyword fallback labels.,heuristic_fallback,heuristic,0,1,0,audited,
wiki_MA_beer_tax_001__c01,MA,beer_tax,"no "" Happy Hour "" discounts) or for specific individuals, no fixed-price open bar or all-you-can-drink (except at private functions), no more than two drinks per individual at any one time, no pitchers for fewer than two people, no drinking",supplemental_only,https://en.wikipedia.org/wiki/List_of_alcohol_laws_of_the_United_States,40,240,0,0,0,Keyword fallback labels.,heuristic_fallback,heuristic,0,0,0,audited,
wiki_MA_underage_purchase_001__c01,MA,underage_purchase,"by state law, although individual cities and towns may prohibit sales before 11:00 a.m.",supplemental_only,https://en.wikipedia.org/wiki/List_of_alcohol_laws_of_the_United_States,14,87,0,0,0,Keyword fallback labels.,heuristic_fallback,heuristic,0,0,0,audited,
wiki_MA_underage_purchase_001__c03,MA,underage_purchase,"21 21 As of January 2020, no individual, partnership, or corporation may have more than nine off-premises licences in the state, nor more than two in any city, nor more than one in any town.",supplemental_only,https://en.wikipedia.org/wiki/List_of_alcohol_laws_of_the_United_States,35,190,0,1,0,Keyword fallback labels.,heuristic_fallback,heuristic,0,1,0,audited,
wiki_MD_beer_tax_001__c01,MD,beer_tax,"No, except Montgomery County Variable by locality Variable by locality No, with exceptions for stores grandfathered in prior to the law.",supplemental_only,https://en.wikipedia.org/wiki/List_of_alcohol_laws_of_the_United_States,21,136,0,0,0,Keyword fallback labels.,heuristic_fallback,heuristic,0,0,0,audited,
wiki_ME_underage_purchase_001__c01,ME,underage_purchase,"(Mon–Sun) Yes 21 21 Minors may consume alcohol at home in the presence of their parent, guardian, or custodian.",supplemental_only,https://en.wikipedia.org/wiki/List_of_alcohol_laws_of_the_United_States,19,111,0,0,0,Keyword fallback labels.,heuristic_fallback,heuristic,0,0,0,audited,
wiki_MI_sunday_sales_001__c02,MI,sunday_sales,"with special license extension, Yes 21 21 The Michigan Liquor Control Commission allows the sale of alcoholic beverages until 11:59 p.m.",supplemental_only,https://en.wikipedia.org/wiki/List_of_alcohol_laws_of_the_United_States,21,136,0,1,0,Keyword fallback labels.,heuristic_fallback,heuristic,0,1,0,audited,
wiki_MI_sunday_sales_001__c03,MI,sunday_sales,On-premises sales are permitted on January 1 until 4:00 a.m.,supplemental_only,https://en.wikipedia.org/wiki/List_of_alcohol_laws_of_the_United_States,10,60,0,0,0,Keyword fallback labels.,heuristic_fallback,heuristic,0,0,0,audited,
wiki_MN_beer_tax_001__c02,MN,beer_tax,"they are permitted, but not required, to exclude privately owned stores.",supplemental_only,https://en.wikipedia.org/wiki/List_of_alcohol_laws_of_the_United_States,11,72,0,0,0,Keyword fallback labels.,heuristic_fallback,heuristic,0,0,0,audited,
wiki_MO_beer_tax_001__c02,MO,beer_tax,Louis grandfathered into the ability to double as liquor stores.,supplemental_only,https://en.wikipedia.org/wiki/List_of_alcohol_laws_of_the_United_States,10,64,0,0,0,Keyword fallback labels.,heuristic_fallback,heuristic,0,0,0,audited,
wiki_MO_beer_tax_001__c03,MO,beer_tax,"Missourians over 21 may manufacture up to 100 gallons of any liquor per year for personal use, without any further state limitation, state taxation, or state license.",supplemental_only,https://en.wikipedia.org/wiki/List_of_alcohol_laws_of_the_United_States,27,166,0,0,0,Keyword fallback labels.,heuristic_fallback,heuristic,0,0,0,audited,
wiki_MO_sunday_sales_001__c03,MO,sunday_sales,Cities and counties are prohibited from banning off-premises alcohol sales.,supplemental_only,https://en.wikipedia.org/wiki/List_of_alcohol_laws_of_the_United_States,10,75,0,1,0,Keyword fallback labels.,heuristic_fallback,heuristic,0,1,0,audited,
wiki_MO_underage_purchase_001__c03,MO,underage_purchase,"Missourians over 21 may manufacture up to 100 gallons of any liquor per year for personal use, without any further state limitation, state taxation, or state license.",supplemental_only,https://en.wikipedia.org/wiki/List_of_alcohol_laws_of_the_United_States,27,166,0,0,0,Keyword fallback labels.,heuristic_fallback,heuristic,0,0,0,audited,
wiki_MO_underage_purchase_001__c04,MO,underage_purchase,) Missouri law recognizes two types of alcoholic beverage:,supplemental_only,https://en.wikipedia.org/wiki/List_of_alcohol_laws_of_the_United_States,9,58,0,0,0,Keyword fallback labels.,heuristic_fallback,heuristic,0,0,0,audited,
wiki_MS_sunday_sales_001__c04,MS,sunday_sales,"In most counties, alcohol cannot be sold on Sundays.",supplemental_only,https://en.wikipedia.org/wiki/List_of_alcohol_laws_of_the_United_States,9,52,0,0,0,Keyword fallback labels.,heuristic_fallback,heuristic,0,0,0,audited,
wiki_MS_sunday_sales_001__c05,MS,sunday_sales,"There are many dry counties in which it is illegal to possess alcoholic beverages, though some cities within dry counties have voted in beer sales.",supplemental_only,https://en.wikipedia.org/wiki/List_of_alcohol_laws_of_the_United_States,25,147,0,0,0,Keyword fallback labels.,heuristic_fallback,heuristic,0,0,0,audited,
wiki_MS_underage_purchase_001__c02,MS,underage_purchase,24/7 unless restricted by local ordinance Yes No 21 ?,supplemental_only,https://en.wikipedia.org/wiki/List_of_alcohol_laws_of_the_United_States,10,53,0,0,0,Keyword fallback labels.,heuristic_fallback,heuristic,0,0,0,audited,
wiki_MS_underage_purchase_001__c05,MS,underage_purchase,"There are many dry counties in which it is illegal to possess alcoholic beverages, though some cities within dry counties have voted in beer sales.",supplemental_only,https://en.wikipedia.org/wiki/List_of_alcohol_laws_of_the_United_States,25,147,0,0,0,Keyword fallback labels.,heuristic_fallback,heuristic,0,0,0,audited,
wiki_MT_sunday_sales_001__c01,MT,sunday_sales,No Yes Closing 2 am No alcohol sales between 2 am and 8 am Yes No 21 Minors can consume alcohol purchased by a parent or guardian in a private location.,supplemental_only,https://en.wikipedia.org/wiki/List_of_alcohol_laws_of_the_United_States,31,152,0,0,0,Keyword fallback labels.,heuristic_fallback,heuristic,0,0,0,audited,
wiki_MT_sunday_sales_001__c02,MT,sunday_sales,Some local ordinances restrict alcohol sales on Sundays.,supplemental_only,https://en.wikipedia.org/wiki/List_of_alcohol_laws_of_the_United_States,8,56,0,0,0,Keyword fallback labels.,heuristic_fallback,heuristic,0,0,0,audited,
wiki_NC_sunday_sales_001__c01,NC,sunday_sales,"Prix-fixe packages where alcohol is included with food limited to sales on New Year's, Valentine's Day, and Mother's Day/Father's Day.",supplemental_only,https://en.wikipedia.org/wiki/List_of_alcohol_laws_of_the_United_States,20,134,0,0,0,Keyword fallback labels.,heuristic_fallback,heuristic,0,0,0,audited,
wiki_NC_underage_purchase_001__c01,NC,underage_purchase,"(Mon – Sat) Yes No 21 15% ABV cap on beer, 16% cap on unfortified wine, 24% cap on fortified wine.",supplemental_only,https://en.wikipedia.org/wiki/List_of_alcohol_laws_of_the_United_States,21,98,0,0,0,Keyword fallback labels.,heuristic_fallback,heuristic,0,0,0,audited,
wiki_NC_underage_purchase_001__c04,NC,underage_purchase,"Prix-fixe packages where alcohol is included with food limited to sales on New Year's, Valentine's Day, and Mother's Day/Father's Day.",supplemental_only,https://en.wikipedia.org/wiki/List_of_alcohol_laws_of_the_United_States,20,134,0,0,0,Keyword fallback labels.,heuristic_fallback,heuristic,0,0,0,audited,
wiki_NE_beer_tax_001__c01,NE,beer_tax,No 6 a.m.,supplemental_only,https://en.wikipedia.org/wiki/List_of_alcohol_laws_of_the_United_States,3,9,0,0,0,Keyword fallback labels.,heuristic_fallback,heuristic,0,0,0,audited,
wiki_NE_beer_tax_001__c02,NE,beer_tax,– 1 a.m.,supplemental_only,https://en.wikipedia.org/wiki/List_of_alcohol_laws_of_the_United_States,3,8,0,0,0,Keyword fallback labels.,heuristic_fallback,heuristic,0,0,0,audited,
wiki_NE_sunday_sales_001__c02,NE,sunday_sales,Yes 21 21(except in a parent or guardian's home with their permission) No on- or off-premises sales of spirits before noon on Sundays.,supplemental_only,https://en.wikipedia.org/wiki/List_of_alcohol_laws_of_the_United_States,23,134,0,1,0,Keyword fallback labels.,heuristic_fallback,heuristic,0,1,0,audited,
wiki_NE_underage_purchase_001__c01,NE,underage_purchase,Yes 21 21(except in a parent or guardian's home with their permission) No on- or off-premises sales of spirits before noon on Sundays.,supplemental_only,https://en.wikipedia.org/wiki/List_of_alcohol_laws_of_the_United_States,23,134,0,1,0,Keyword fallback labels.,heuristic_fallback,heuristic,0,1,0,audited,
wiki_NH_beer_tax_001__c01,NH,beer_tax,State taxes beer $0.30/gal at the wholesale level.,supplemental_only,https://en.wikipedia.org/wiki/List_of_alcohol_laws_of_the_United_States,8,50,0,0,0,Keyword fallback labels.,heuristic_fallback,heuristic,0,0,0,audited,
wiki_NJ_beer_tax_001__c01,NJ,beer_tax,"This causes most liquor stores to close at 10 pm, however some will stay open an hour later selling only beer and wine.",supplemental_only,https://en.wikipedia.org/wiki/List_of_alcohol_laws_of_the_United_States,23,119,0,0,0,Keyword fallback labels.,heuristic_fallback,heuristic,0,0,0,audited,
wiki_NJ_beer_tax_001__c03,NJ,beer_tax,Many towns permit beer/wine/liquor stores to sell non-alcohol items including convenience store items at the same register.,supplemental_only,https://en.wikipedia.org/wiki/List_of_alcohol_laws_of_the_United_States,17,123,0,0,0,Keyword fallback labels.,heuristic_fallback,heuristic,0,0,0,audited,
wiki_NJ_sunday_sales_001__c04,NJ,sunday_sales,Jersey City and Newark) are exempt from this law and may set their own hours for liquor sales.,supplemental_only,https://en.wikipedia.org/wiki/List_of_alcohol_laws_of_the_United_States,18,94,0,1,0,Keyword fallback labels.,heuristic_fallback,heuristic,0,1,0,audited,
wiki_NJ_sunday_sales_001__c05,NJ,sunday_sales,"In addition, liquor sales are only permitted in a separate department or attached sister store.",supplemental_only,https://en.wikipedia.org/wiki/List_of_alcohol_laws_of_the_United_States,15,95,0,0,0,Keyword fallback labels.,heuristic_fallback,heuristic,0,0,0,audited,
wiki_NJ_underage_purchase_001__c03,NJ,underage_purchase,Bars are allowed to off-sale packaged goods.,supplemental_only,https://en.wikipedia.org/wiki/List_of_alcohol_laws_of_the_United_States,7,44,0,0,0,Keyword fallback labels.,heuristic_fallback,heuristic,0,0,0,audited,
wiki_NJ_underage_purchase_001__c05,NJ,underage_purchase,Alcoholic beverages by the drink as well as off-sales of beer and wine are permitted 24 hours a day in Atlantic City and Brigantine.,supplemental_only,https://en.wikipedia.org/wiki/List_of_alcohol_laws_of_the_United_States,24,132,0,1,0,Keyword fallback labels.,heuristic_fallback,heuristic,0,1,0,audited,
wiki_NM_beer_tax_001__c02,NM,beer_tax,– 2 a.m.,supplemental_only,https://en.wikipedia.org/wiki/List_of_alcohol_laws_of_the_United_States,3,8,0,0,0,Keyword fallback labels.,heuristic_fallback,heuristic,0,0,0,audited,
wiki_NM_sunday_sales_001__c04,NM,sunday_sales,"Exceptions are the prohibition of alcohol sale on Christmas, regardless of the day it falls on, and a Sunday permit allowing of sale (on or off premises) until 2:00 a.m.",supplemental_only,https://en.wikipedia.org/wiki/List_of_alcohol_laws_of_the_United_States,30,169,0,1,0,Keyword fallback labels.,heuristic_fallback,heuristic,0,1,0,audited,
wiki_NM_underage_purchase_001__c04,NM,underage_purchase,"minor serves alcoholic beverages to that minor on real property, other than licensed premises, under the control of the parent, legal guardian or adult spouse"", or for religious purposes.",supplemental_only,https://en.wikipedia.org/wiki/List_of_alcohol_laws_of_the_United_States,29,187,0,0,1,Keyword fallback labels.,heuristic_fallback,heuristic,0,0,1,audited,
wiki_NV_sunday_sales_001__c02,NV,sunday_sales,There are few restrictions on the sale and consumption of alcohol in Nevada except for age .,supplemental_only,https://en.wikipedia.org/wiki/List_of_alcohol_laws_of_the_United_States,17,92,0,1,0,Keyword fallback labels.,heuristic_fallback,heuristic,0,1,0,audited,
wiki_NV_underage_purchase_001__c01,NV,underage_purchase,No 24 hours Yes 21 Varies by county.,supplemental_only,https://en.wikipedia.org/wiki/List_of_alcohol_laws_of_the_United_States,8,36,0,1,0,Keyword fallback labels.,heuristic_fallback,heuristic,0,1,0,audited,
wiki_NV_underage_purchase_001__c03,NV,underage_purchase,"It is prohibited to consume alcoholic beverages near schools, churches, and hospitals within 1,000 feet.",supplemental_only,https://en.wikipedia.org/wiki/List_of_alcohol_laws_of_the_United_States,15,104,0,0,0,Keyword fallback labels.,heuristic_fallback,heuristic,0,0,0,audited,
wiki_NY_beer_tax_001__c03,NY,beer_tax,"All liquor stores must be owned by a single owner, who owns that store and lives within a certain distance of it—effectively banning chain liquor stores from the state.",supplemental_only,https://en.wikipedia.org/wiki/List_of_alcohol_laws_of_the_United_States,29,168,0,0,0,Keyword fallback labels.,heuristic_fallback,heuristic,0,0,0,audited,
wiki_NY_beer_tax_001__c04,NY,beer_tax,"Distilled spirits may not be sold within 200 feet of a school, church, synagogue or other place of worship.",supplemental_only,https://en.wikipedia.org/wiki/List_of_alcohol_laws_of_the_United_States,19,107,0,0,0,Keyword fallback labels.,heuristic_fallback,heuristic,0,0,0,audited,
wiki_NY_sunday_sales_001__c02,NY,sunday_sales,24 hours Wine & spirits:,supplemental_only,https://en.wikipedia.org/wiki/List_of_alcohol_laws_of_the_United_States,5,24,0,1,0,Keyword fallback labels.,heuristic_fallback,heuristic,0,1,0,audited,
wiki_NY_sunday_sales_001__c03,NY,sunday_sales,"Yes No 21 Off-premises sale of wine and spirits is only at liquor stores, and beer is not sold at liquor stores",supplemental_only,https://en.wikipedia.org/wiki/List_of_alcohol_laws_of_the_United_States,22,111,0,1,0,Keyword fallback labels.,heuristic_fallback,heuristic,0,1,0,audited,
wiki_NY_sunday_sales_001__c04,NY,sunday_sales,it must be sold at supermarkets and convenience stores.,supplemental_only,https://en.wikipedia.org/wiki/List_of_alcohol_laws_of_the_United_States,9,55,0,0,0,Keyword fallback labels.,heuristic_fallback,heuristic,0,0,0,audited,
wiki_OH_beer_tax_001__c01,OH,beer_tax,No Yes 5:30 a.m.,supplemental_only,https://en.wikipedia.org/wiki/List_of_alcohol_laws_of_the_United_States,4,16,0,0,0,Keyword fallback labels.,heuristic_fallback,heuristic,0,0,0,audited,
wiki_OH_beer_tax_001__c02,OH,beer_tax,– 2:30 a.m.,supplemental_only,https://en.wikipedia.org/wiki/List_of_alcohol_laws_of_the_United_States,3,11,0,0,0,Keyword fallback labels.,heuristic_fallback,heuristic,0,0,0,audited,
wiki_OH_sunday_sales_001__c02,OH,sunday_sales,The Division of Liquor Control does not operate retail outlets,supplemental_only,https://en.wikipedia.org/wiki/List_of_alcohol_laws_of_the_United_States,10,62,0,1,0,Keyword fallback labels.,heuristic_fallback,heuristic,0,1,0,audited,
wiki_OH_sunday_sales_001__c04,OH,sunday_sales,Many retail outlets sell diluted spirits (diluted by water to 21% ABV) under a more readily obtained permit.,supplemental_only,https://en.wikipedia.org/wiki/List_of_alcohol_laws_of_the_United_States,18,108,0,1,0,Keyword fallback labels.,heuristic_fallback,heuristic,0,1,0,audited,
wiki_OH_underage_purchase_001__c04,OH,underage_purchase,it appoints private businesses to act as its agents and sell its products in exchange for a commission.,supplemental_only,https://en.wikipedia.org/wiki/List_of_alcohol_laws_of_the_United_States,18,103,0,0,0,Keyword fallback labels.,heuristic_fallback,heuristic,0,0,0,audited,
wiki_OK_sunday_sales_001__c01,OK,sunday_sales,– midnight (Mon – Sat) Sunday sales vary by county.,supplemental_only,https://en.wikipedia.org/wiki/List_of_alcohol_laws_of_the_United_States,10,51,0,1,0,Keyword fallback labels.,heuristic_fallback,heuristic,0,1,0,audited,
wiki_OR_beer_tax_001__c01,OR,beer_tax,"Yes No 21 Liquor, all of which is state-owned prior to sale to consumers, is sold in private liquor stores.",supplemental_only,https://en.wikipedia.org/wiki/List_of_alcohol_laws_of_the_United_States,20,107,0,1,0,Keyword fallback labels.,heuristic_fallback,heuristic,0,1,0,audited,
wiki_OR_underage_purchase_001__c01,OR,underage_purchase,"Yes No 21 Liquor, all of which is state-owned prior to sale to consumers, is sold in private liquor stores.",supplemental_only,https://en.wikipedia.org/wiki/List_of_alcohol_laws_of_the_United_States,20,107,0,1,0,Keyword fallback labels.,heuristic_fallback,heuristic,0,1,0,audited,
wiki_PA_beer_tax_001__c01,PA,beer_tax,All persons must be at least 21 years of age to enter a state-operated liquor store alone.,supplemental_only,https://en.wikipedia.org/wiki/List_of_alcohol_laws_of_the_United_States,17,90,0,0,0,Keyword fallback labels.,heuristic_fallback,heuristic,0,0,0,audited,
wiki_PA_sunday_sales_001__c03,PA,sunday_sales,Sunday sales were prohibited in LCB stores until 2003 (selected locations) and beverage outlets (owner's option) until 2005.,supplemental_only,https://en.wikipedia.org/wiki/List_of_alcohol_laws_of_the_United_States,18,124,0,1,0,Keyword fallback labels.,heuristic_fallback,heuristic,0,1,0,audited,
wiki_PA_underage_purchase_001__c02,PA,underage_purchase,(Sun) Yes* No 21 Spirits can only be sold at state-operated stores .,supplemental_only,https://en.wikipedia.org/wiki/List_of_alcohol_laws_of_the_United_States,13,68,0,0,0,Keyword fallback labels.,heuristic_fallback,heuristic,0,0,0,audited,
wiki_PA_underage_purchase_001__c03,PA,underage_purchase,All persons must be at least 21 years of age to enter a state-operated liquor store alone.,supplemental_only,https://en.wikipedia.org/wiki/List_of_alcohol_laws_of_the_United_States,17,90,0,0,0,Keyword fallback labels.,heuristic_fallback,heuristic,0,0,0,audited,
wiki_PA_underage_purchase_001__c05,PA,underage_purchase,Prior to 2015 beverage centers could only sell 24 pack cases or greater.,supplemental_only,https://en.wikipedia.org/wiki/List_of_alcohol_laws_of_the_United_States,13,72,0,0,0,Keyword fallback labels.,heuristic_fallback,heuristic,0,0,0,audited,
wiki_SC_beer_tax_001__c01,SC,beer_tax,(Mon – Sat.) Yes No 21 14% ABW (17.5% ABV) cap on beer Wine > 16% ABV sold in liquor stores No hard liquor sales after 7 p.m.,supplemental_only,https://en.wikipedia.org/wiki/List_of_alcohol_laws_of_the_United_States,28,125,0,0,0,Keyword fallback labels.,heuristic_fallback,heuristic,0,0,0,audited,
wiki_SC_sunday_sales_001__c03,SC,sunday_sales,(Mon – Sat.) Yes No 21 14% ABW (17.5% ABV) cap on beer Wine > 16% ABV sold in liquor stores No hard liquor sales after 7 p.m.,supplemental_only,https://en.wikipedia.org/wiki/List_of_alcohol_laws_of_the_United_States,28,125,0,0,0,Keyword fallback labels.,heuristic_fallback,heuristic,0,0,0,audited,
wiki_SC_sunday_sales_001__c04,SC,sunday_sales,and none on Sundays.,supplemental_only,https://en.wikipedia.org/wiki/List_of_alcohol_laws_of_the_United_States,4,20,0,0,0,Keyword fallback labels.,heuristic_fallback,heuristic,0,0,0,audited,
wiki_SD_sunday_sales_001__c01,SD,sunday_sales,No 7 a.m.,supplemental_only,https://en.wikipedia.org/wiki/List_of_alcohol_laws_of_the_United_States,3,9,0,0,0,Keyword fallback labels.,heuristic_fallback,heuristic,0,0,0,audited,
wiki_TN_beer_tax_001__c01,TN,beer_tax,"Liquor stores may remain open on Sundays, and liquor is permitted to be sold from retail stores for off-premises consumption.",supplemental_only,https://en.wikipedia.org/wiki/List_of_alcohol_laws_of_the_United_States,20,125,0,1,0,Keyword fallback labels.,heuristic_fallback,heuristic,0,1,0,audited,
wiki_TN_beer_tax_001__c02,TN,beer_tax,Beer above 8% ABW /10.1% ABV must be sold in liquor stores.,supplemental_only,https://en.wikipedia.org/wiki/List_of_alcohol_laws_of_the_United_States,12,59,0,0,0,Keyword fallback labels.,heuristic_fallback,heuristic,0,0,0,audited,
wiki_TN_underage_purchase_001__c03,TN,underage_purchase,"While most clubs allow drinks to be carried outside, many do not allow drinks from outside.",supplemental_only,https://en.wikipedia.org/wiki/List_of_alcohol_laws_of_the_United_States,16,91,0,0,0,Keyword fallback labels.,heuristic_fallback,heuristic,0,0,0,audited,
wiki_TX_sunday_sales_001__c03,TX,sunday_sales,Noon to 12 midnight.,supplemental_only,https://en.wikipedia.org/wiki/List_of_alcohol_laws_of_the_United_States,4,20,0,0,0,Keyword fallback labels.,heuristic_fallback,heuristic,0,0,0,audited,
wiki_TX_sunday_sales_001__c07,TX,sunday_sales,Sunday beer and wine sales will be allowed at 10 a.m.,supplemental_only,https://en.wikipedia.org/wiki/List_of_alcohol_laws_of_the_United_States,11,53,0,1,0,Keyword fallback labels.,heuristic_fallback,heuristic,0,1,0,audited,
wiki_TX_underage_purchase_001__c02,TX,underage_purchase,7 am – 1 am Sunday:,supplemental_only,https://en.wikipedia.org/wiki/List_of_alcohol_laws_of_the_United_States,6,19,0,1,0,Keyword fallback labels.,heuristic_fallback,heuristic,0,1,0,audited,
wiki_TX_underage_purchase_001__c06,TX,underage_purchase,"(Mon.–Sat.) Yes No Texas law permits consumption by minors (any age under 21) if in the ""visible presence"" of a parent, guardian or adult spouse.",supplemental_only,https://en.wikipedia.org/wiki/List_of_alcohol_laws_of_the_United_States,25,145,0,0,0,Keyword fallback labels.,heuristic_fallback,heuristic,0,0,0,audited,
wiki_UT_sunday_sales_001__c02,UT,sunday_sales,State-controlled stores close on Sundays and cease operations no later than 10 p.m.,supplemental_only,https://en.wikipedia.org/wiki/List_of_alcohol_laws_of_the_United_States,13,83,0,0,0,Keyword fallback labels.,heuristic_fallback,heuristic,0,0,0,audited,
wiki_UT_underage_purchase_001__c01,UT,underage_purchase,"Noon to midnight for liquor, 10:00 a.m.",supplemental_only,https://en.wikipedia.org/wiki/List_of_alcohol_laws_of_the_United_States,7,39,0,0,0,Keyword fallback labels.,heuristic_fallback,heuristic,0,0,0,audited,
wiki_VA_beer_tax_001__c01,VA,beer_tax,Liquor stores are owned and operated by the Commonwealth and are generally open 10 am – 9 pm Monday–Saturday and 10 am – 6 pm on Sunday.,supplemental_only,https://en.wikipedia.org/wiki/List_of_alcohol_laws_of_the_United_States,27,136,0,1,0,Keyword fallback labels.,heuristic_fallback,heuristic,0,1,0,audited,
wiki_VA_sunday_sales_001__c02,VA,sunday_sales,Liquor stores are owned and operated by the Commonwealth and are generally open 10 am – 9 pm Monday–Saturday and 10 am – 6 pm on Sunday.,supplemental_only,https://en.wikipedia.org/wiki/List_of_alcohol_laws_of_the_United_States,27,136,0,1,0,Keyword fallback labels.,heuristic_fallback,heuristic,0,1,0,audited,
wiki_VT_beer_tax_001__c01,VT,beer_tax,– midnight Yes No ABV > 16% beer and ABV > 16% wine are only available through state liquor stores (most of which are integrated within grocery and beverage stores ).,supplemental_only,https://en.wikipedia.org/wiki/List_of_alcohol_laws_of_the_United_States,31,166,0,0,0,Keyword fallback labels.,heuristic_fallback,heuristic,0,0,0,audited,
wiki_VT_underage_purchase_001__c01,VT,underage_purchase,– midnight Yes No ABV > 16% beer and ABV > 16% wine are only available through state liquor stores (most of which are integrated within grocery and beverage stores ).,supplemental_only,https://en.wikipedia.org/wiki/List_of_alcohol_laws_of_the_United_States,31,166,0,0,0,Keyword fallback labels.,heuristic_fallback,heuristic,0,0,0,audited,
wiki_WA_beer_tax_001__c01,WA,beer_tax,"There are two exceptions to the 10,000-sq-ft rule:",supplemental_only,https://en.wikipedia.org/wiki/List_of_alcohol_laws_of_the_United_States,8,50,0,0,0,Keyword fallback labels.,heuristic_fallback,heuristic,0,0,0,audited,
wiki_WA_beer_tax_001__c02,WA,beer_tax,1) Former State and Contract Liquor Stores that reopened under private ownership may also sell spirits provided they have been issued a new license from the state.,supplemental_only,https://en.wikipedia.org/wiki/List_of_alcohol_laws_of_the_United_States,27,163,0,0,0,Keyword fallback labels.,heuristic_fallback,heuristic,0,0,0,audited,
wiki_WI_sunday_sales_001__c02,WI,sunday_sales,– midnight for beer (some counties and municipalities only allow sales until 9 p.m.,supplemental_only,https://en.wikipedia.org/wiki/List_of_alcohol_laws_of_the_United_States,14,83,0,0,0,Keyword fallback labels.,heuristic_fallback,heuristic,0,0,0,audited,
wiki_WI_sunday_sales_001__c04,WI,sunday_sales,"Law changed effective December 7, 2011 to allow all liquor sales to begin at 6 a.m.",supplemental_only,https://en.wikipedia.org/wiki/List_of_alcohol_laws_of_the_United_States,16,83,0,0,0,Keyword fallback labels.,heuristic_fallback,heuristic,0,0,0,audited,
wiki_WI_underage_purchase_001__c02,WI,underage_purchase,– midnight for beer (some counties and municipalities only allow sales until 9 p.m.,supplemental_only,https://en.wikipedia.org/wiki/List_of_alcohol_laws_of_the_United_States,14,83,0,0,0,Keyword fallback labels.,heuristic_fallback,heuristic,0,0,0,audited,
wiki_WI_underage_purchase_001__c03,WI,underage_purchase,"for liquor and wine By local ordinance Wisconsin permits the consumption of alcohol by minors, provided they are being supervised by parents/guardians/spouses.",supplemental_only,https://en.wikipedia.org/wiki/List_of_alcohol_laws_of_the_United_States,22,159,0,0,0,Keyword fallback labels.,heuristic_fallback,heuristic,0,0,0,audited,
wiki_WV_beer_tax_001__c02,WV,beer_tax,"6 am – 2 am Private Clubs(Beer, Wine, and Liquor):",supplemental_only,https://en.wikipedia.org/wiki/List_of_alcohol_laws_of_the_United_States,10,50,0,0,0,Keyword fallback labels.,heuristic_fallback,heuristic,0,0,0,audited,
wiki_WV_beer_tax_001__c04,WV,beer_tax,6 am – 2 am Liquor stores:,supplemental_only,https://en.wikipedia.org/wiki/List_of_alcohol_laws_of_the_United_States,7,26,0,0,0,Keyword fallback labels.,heuristic_fallback,heuristic,0,0,0,audited,
wiki_WV_sunday_sales_001__c02,WV,sunday_sales,"6 am – 2 am Private Clubs(Beer, Wine, and Liquor):",supplemental_only,https://en.wikipedia.org/wiki/List_of_alcohol_laws_of_the_United_States,10,50,0,0,0,Keyword fallback labels.,heuristic_fallback,heuristic,0,0,0,audited,
wiki_WV_underage_purchase_001__c01,WV,underage_purchase,"No Yes Taverns, etc., except Private Clubs(Beer/Wine):",supplemental_only,https://en.wikipedia.org/wiki/List_of_alcohol_laws_of_the_United_States,7,54,0,0,0,Keyword fallback labels.,heuristic_fallback,heuristic,0,0,0,audited,
wiki_WY_beer_tax_001__c01,WY,beer_tax,No Yes 6:00 a.m.,supplemental_only,https://en.wikipedia.org/wiki/List_of_alcohol_laws_of_the_United_States,4,16,0,0,0,Keyword fallback labels.,heuristic_fallback,heuristic,0,0,0,audited,
wiki_WY_beer_tax_001__c02,WY,beer_tax,– 2:00 a.m.,supplemental_only,https://en.wikipedia.org/wiki/List_of_alcohol_laws_of_the_United_States,3,11,0,0,0,Keyword fallback labels.,heuristic_fallback,heuristic,0,0,0,audited,
wiki_WY_underage_purchase_001__c01,WY,underage_purchase,No Yes 6:00 a.m.,supplemental_only,https://en.wikipedia.org/wiki/List_of_alcohol_laws_of_the_United_States,4,16,0,0,0,Keyword fallback labels.,heuristic_fallback,heuristic,0,0,0,audited,
